"Data Source","World Development Indicators",

"Last Updated Date","2015-07-28",

"Country Name","Country Code","Indicator Name","Indicator Code","1960","1961","1962","1963","1964","1965","1966","1967","1968","1969","1970","1971","1972","1973","1974","1975","1976","1977","1978","1979","1980","1981","1982","1983","1984","1985","1986","1987","1988","1989","1990","1991","1992","1993","1994","1995","1996","1997","1998","1999","2000","2001","2002","2003","2004","2005","2006","2007","2008","2009","2010","2011","2012","2013","2014",
"Aruba","ABW","GINI index (World Bank estimate)","SI.POV.GINI","","","","","","","","","","","","","","","","","","","","","","","","","","","","","","","","","","","","","","","","","","","","","","","","","","","","","","","",
"Andorra","AND","GINI index (World Bank estimate)","SI.POV.GINI","","","","","","","","","","","","","","","","","","","","","","","","","","","","","","","","","","","","","","","","","","","","","","","","","","","","","","","",
"Afghanistan","AFG","GINI index (World Bank estimate)","SI.POV.GINI","","","","","","","","","","","","","","","","","","","","","","","","","","","","","","","","","","","","","","","","","","","","","","","","27.82","","","","","","","",
"Angola","AGO","GINI index (World Bank estimate)","SI.POV.GINI","","","","","","","","","","","","","","","","","","","","","","","","","","","","","","","","","","","","","","","","","58.64","","","","","","","","42.66","","","","","","",
"Albania","ALB","GINI index (World Bank estimate)","SI.POV.GINI","","","","","","","","","","","","","","","","","","","","","","","","","","","","","","","","","","","","","","","","","","","31.74","","","31.7","","","29.98","","","","28.96","","",
"Arab World","ARB","GINI index (World Bank estimate)","SI.POV.GINI","","","","","","","","","","","","","","","","","","","","","","","","","","","","","","","","","","","","","","","","","","","","","","","","","","","","","","","",
"United Arab Emirates","ARE","GINI index (World Bank estimate)","SI.POV.GINI","","","","","","","","","","","","","","","","","","","","","","","","","","","","","","","","","","","","","","","","","","","","","","","","","","","","","","","",
"Argentina","ARG","GINI index (World Bank estimate)","SI.POV.GINI","","","","","","","","","","","","","","","","","","","","","","","","","","","42.79","45.28","","","","46.76","45.47","44.86","45.92","48.9","49.52","49.11","50.73","49.79","51.06","53.34","53.79","53.54","50.18","49.27","48.26","47.37","46.27","45.27","44.5","43.57","","","",
"Armenia","ARM","GINI index (World Bank estimate)","SI.POV.GINI","","","","","","","","","","","","","","","","","","","","","","","","","","","","","","","","","","","","","44.42","","36.01","","","35.36","34.78","33.03","37.51","35.8","32.49","29.83","30.71","29.58","31.07","31.32","30.3","","",
"American Samoa","ASM","GINI index (World Bank estimate)","SI.POV.GINI","","","","","","","","","","","","","","","","","","","","","","","","","","","","","","","","","","","","","","","","","","","","","","","","","","","","","","","",
"Antigua and Barbuda","ATG","GINI index (World Bank estimate)","SI.POV.GINI","","","","","","","","","","","","","","","","","","","","","","","","","","","","","","","","","","","","","","","","","","","","","","","","","","","","","","","",
"Australia","AUS","GINI index (World Bank estimate)","SI.POV.GINI","","","","","","","","","","","","","","","","","","","","","","","","","","32.5","","","","33.15","","","","","","33.72","","","","","","34.14","","34.01","","","","","","","","","","","",
"Austria","AUT","GINI index (World Bank estimate)","SI.POV.GINI","","","","","","","","","","","","","","","","","","","","","","","","","","","","23.04","","","","","","","31.52","31.06","","30.28","","","28.97","","","","30.04","","","","","","","","","","",
"Azerbaijan","AZE","GINI index (World Bank estimate)","SI.POV.GINI","","","","","","","","","","","","","","","","","","","","","","","","","","","","","","","","","","","","34.96","","","","","","36.5","17.36","18.81","16.23","16.64","","","33.03","","","","","","",
"Burundi","BDI","GINI index (World Bank estimate)","SI.POV.GINI","","","","","","","","","","","","","","","","","","","","","","","","","","","","","","","","","33.33","","","","","","42.39","","","","","","","","33.27","","","","","","","","",
"Belgium","BEL","GINI index (World Bank estimate)","SI.POV.GINI","","","","","","","","","","","","","","","","","","","","","","","","","","25.36","","","25.71","","","","24.95","","","28.41","","26.89","","","33.14","","","","","","","","","","","","","","",
"Benin","BEN","GINI index (World Bank estimate)","SI.POV.GINI","","","","","","","","","","","","","","","","","","","","","","","","","","","","","","","","","","","","","","","","","","","","38.62","","","","","","","","43.53","","","",
"Burkina Faso","BFA","GINI index (World Bank estimate)","SI.POV.GINI","","","","","","","","","","","","","","","","","","","","","","","","","","","","","","","","","","","50.71","","","","46.85","","","","","43.22","","","","","","39.78","","","","","",
"Bangladesh","BGD","GINI index (World Bank estimate)","SI.POV.GINI","","","","","","","","","","","","","","","","","","","","","","","","","","26.92","","","28.85","","","27.6","","","","33.46","","","","","33.46","","","","","33.22","","","","","32.12","","","","",
"Bulgaria","BGR","GINI index (World Bank estimate)","SI.POV.GINI","","","","","","","","","","","","","","","","","","","","","","","","","","","","","","23.43","","","30.71","","24.32","32.72","","26.38","","","","33.8","","28.92","","","","28.14","33.57","","35.78","34.28","","","",
"Bahrain","BHR","GINI index (World Bank estimate)","SI.POV.GINI","","","","","","","","","","","","","","","","","","","","","","","","","","","","","","","","","","","","","","","","","","","","","","","","","","","","","","","",
"Bahamas, The","BHS","GINI index (World Bank estimate)","SI.POV.GINI","","","","","","","","","","","","","","","","","","","","","","","","","","","","","","","","","","","","","","","","","","","","","","","","","","","","","","","",
"Bosnia and Herzegovina","BIH","GINI index (World Bank estimate)","SI.POV.GINI","","","","","","","","","","","","","","","","","","","","","","","","","","","","","","","","","","","","","","","","","","29.97","","","34.04","","","33.04","","","","","","","",
"Belarus","BLR","GINI index (World Bank estimate)","SI.POV.GINI","","","","","","","","","","","","","","","","","","","","","","","","","","","","","22.76","","","","","21.6","","28.76","","","27.81","27.96","27.71","28.32","30.05","28.97","26.25","27.39","28.17","28.78","27.22","27.69","27.72","26.46","","","",
"Belize","BLZ","GINI index (World Bank estimate)","SI.POV.GINI","","","","","","","","","","","","","","","","","","","","","","","","","","","","","","","","","","59.94","61.3","59.54","56.89","57.28","55.01","53.13","","","","","","","","","","","","","","","",
"Bermuda","BMU","GINI index (World Bank estimate)","SI.POV.GINI","","","","","","","","","","","","","","","","","","","","","","","","","","","","","","","","","","","","","","","","","","","","","","","","","","","","","","","",
"Bolivia","BOL","GINI index (World Bank estimate)","SI.POV.GINI","","","","","","","","","","","","","","","","","","","","","","","","","","","","","","","42.04","","","53.55","","","","58.16","","58.1","63","58.88","60.16","","55.01","58.47","56.9","55.44","51.43","49.65","","46.26","46.64","","",
"Brazil","BRA","GINI index (World Bank estimate)","SI.POV.GINI","","","","","","","","","","","","","","","","","","","","","","","","","","55.59","58.46","59.69","61.43","63.3","60.49","","53.17","60.12","","59.57","59.89","59.8","59.61","58.99","","59.33","58.62","58.01","56.88","56.65","55.93","55.23","54.37","53.87","","53.09","52.67","","",
"Barbados","BRB","GINI index (World Bank estimate)","SI.POV.GINI","","","","","","","","","","","","","","","","","","","","","","","","","","","","","","","","","","","","","","","","","","","","","","","","","","","","","","","",
"Brunei Darussalam","BRN","GINI index (World Bank estimate)","SI.POV.GINI","","","","","","","","","","","","","","","","","","","","","","","","","","","","","","","","","","","","","","","","","","","","","","","","","","","","","","","",
"Bhutan","BTN","GINI index (World Bank estimate)","SI.POV.GINI","","","","","","","","","","","","","","","","","","","","","","","","","","","","","","","","","","","","","","","","","","","","46.83","","","","38.06","","","","","38.73","","",
"Botswana","BWA","GINI index (World Bank estimate)","SI.POV.GINI","","","","","","","","","","","","","","","","","","","","","","","","","","54.21","","","","","","","","","60.96","","","","","","","","","64.73","","","","","","60.46","","","","","",
"Central African Republic","CAF","GINI index (World Bank estimate)","SI.POV.GINI","","","","","","","","","","","","","","","","","","","","","","","","","","","","","","","","","61.33","","","","","","","","","","","43.57","","","","","56.3","","","","","","",
"Canada","CAN","GINI index (World Bank estimate)","SI.POV.GINI","","","","","","","","","","","","","","","","","","","","","","","","","","","","31.6","","","","31.15","","","31.39","","","31.77","33.59","","33.65","","","","33.88","","","33.9","","","33.68","","","","",
"Central Europe and the Baltics","CEB","GINI index (World Bank estimate)","SI.POV.GINI","","","","","","","","","","","","","","","","","","","","","","","","","","","","","","","","","","","","","","","","","","","","","","","","","","","","","","","",
"Switzerland","CHE","GINI index (World Bank estimate)","SI.POV.GINI","","","","","","","","","","","","","","","","","","","","","","","","","","","","","","","","","37.1","","","","","","","","33.66","","32.08","","32.35","","","","","","","","","","",
"Channel Islands","CHI","GINI index (World Bank estimate)","SI.POV.GINI","","","","","","","","","","","","","","","","","","","","","","","","","","","","","","","","","","","","","","","","","","","","","","","","","","","","","","","",
"Chile","CHL","GINI index (World Bank estimate)","SI.POV.GINI","","","","","","","","","","","","","","","","","","","","","","","","","","","","56.21","","","57.25","","54.77","","56.43","","54.87","","55.52","","55.22","","","54.74","","","51.79","","","52","","50.84","","","",
"China","CHN","GINI index (World Bank estimate)","SI.POV.GINI","","","","","","","","","","","","","","","","","","","","","","","","","","","","29.85","","","32.43","","","35.5","","","35.7","","","39.23","","","42.59","","","42.48","","","42.63","","42.06","37.0120751713004","","","",
"Cote d'Ivoire","CIV","GINI index (World Bank estimate)","SI.POV.GINI","","","","","","","","","","","","","","","","","","","","","","","","","","45.57","38.62","40.43","36.89","","","","","39.34","","36.68","","","39.06","","","","41.47","","","","","","43.19","","","","","","",
"Cameroon","CMR","GINI index (World Bank estimate)","SI.POV.GINI","","","","","","","","","","","","","","","","","","","","","","","","","","","","","","","","","","","","","44.57","","","","","42.13","","","","","","40.72","","","","","","","",
"Congo, Rep.","COG","GINI index (World Bank estimate)","SI.POV.GINI","","","","","","","","","","","","","","","","","","","","","","","","","","","","","","","","","","","","","","","","","","","","","","47.32","","","","","","40.17","","","",
"Colombia","COL","GINI index (World Bank estimate)","SI.POV.GINI","","","","","","","","","","","","","","","","","","","","","","","","","","","","","53.11","53.59","","51.32","51.45","","","","56.94","","","58.74","58.68","57.77","57.51","54.42","56.12","55.06","58.66","58.88","56.05","55.92","55.51","54.18","53.53","","",
"Comoros","COM","GINI index (World Bank estimate)","SI.POV.GINI","","","","","","","","","","","","","","","","","","","","","","","","","","","","","","","","","","","","","","","","","","","","","64.3","","","","","","","","","","",
"Cabo Verde","CPV","GINI index (World Bank estimate)","SI.POV.GINI","","","","","","","","","","","","","","","","","","","","","","","","","","","","","","","","","","","","","","","","","","","50.52","","","","","43.82","","","","","","","",
"Costa Rica","CRI","GINI index (World Bank estimate)","SI.POV.GINI","","","","","","","","","","","","","","","","","","","","","","","","","","","34.42","","","46.69","45.3","46.65","45.71","46","46.75","45.71","46.54","45.62","45.67","47.67","47.44","51.1","50.89","49.93","48.92","47.77","49.31","49.49","49.14","50.97","48.1","48.6","48.61","","",
"Caribbean small states","CSS","GINI index (World Bank estimate)","SI.POV.GINI","","","","","","","","","","","","","","","","","","","","","","","","","","","","","","","","","","","","","","","","","","","","","","","","","","","","","","","",
"Cuba","CUB","GINI index (World Bank estimate)","SI.POV.GINI","","","","","","","","","","","","","","","","","","","","","","","","","","","","","","","","","","","","","","","","","","","","","","","","","","","","","","","",
"Curacao","CUW","GINI index (World Bank estimate)","SI.POV.GINI","","","","","","","","","","","","","","","","","","","","","","","","","","","","","","","","","","","","","","","","","","","","","","","","","","","","","","","",
"Cayman Islands","CYM","GINI index (World Bank estimate)","SI.POV.GINI","","","","","","","","","","","","","","","","","","","","","","","","","","","","","","","","","","","","","","","","","","","","","","","","","","","","","","","",
"Cyprus","CYP","GINI index (World Bank estimate)","SI.POV.GINI","","","","","","","","","","","","","","","","","","","","","","","","","","","","","","","","","","","","","","","","","","","","","","","","","","","","","","","",
"Czech Republic","CZE","GINI index (World Bank estimate)","SI.POV.GINI","","","","","","","","","","","","","","","","","","","","","","","","","","","","","19.4","","","","","26.6","","","25.82","","","","","","","","","26.95","26.74","","26.29","26.18","26.63","26.39","","","",
"Germany","DEU","GINI index (World Bank estimate)","SI.POV.GINI","","","","","","","","","","","","","","","","","","","","","","","","","","","","","","28.61","","","","","30.01","","","","","","29.44","","","","31.5","","","31.83","","","30.63","","","","",
"Djibouti","DJI","GINI index (World Bank estimate)","SI.POV.GINI","","","","","","","","","","","","","","","","","","","","","","","","","","","","","","","","","","","","","","","","","","","39.96","","","","","","","","","","","","",
"Dominica","DMA","GINI index (World Bank estimate)","SI.POV.GINI","","","","","","","","","","","","","","","","","","","","","","","","","","","","","","","","","","","","","","","","","","","","","","","","","","","","","","","",
"Denmark","DNK","GINI index (World Bank estimate)","SI.POV.GINI","","","","","","","","","","","","","","","","","","","","","","","","","","","","26.8","","","","","25.24","","","23.25","","","","","24.06","","","","24.6","","","25.98","","","26.88","","","","",
"Dominican Republic","DOM","GINI index (World Bank estimate)","SI.POV.GINI","","","","","","","","","","","","","","","","","","","","","","","","","","","47.78","","","50.46","","","51.36","","","","47.43","48.92","","","52.01","50.43","50.12","52.09","51.95","49.96","51.9","48.69","49","48.86","47.2","47.4","45.68","","",
"Algeria","DZA","GINI index (World Bank estimate)","SI.POV.GINI","","","","","","","","","","","","","","","","","","","","","","","","","","","","","40.19","","","","","","","35.33","","","","","","","","","","","","","","","","","","","",
"East Asia & Pacific (developing only)","EAP","GINI index (World Bank estimate)","SI.POV.GINI","","","","","","","","","","","","","","","","","","","","","","","","","","","","","","","","","","","","","","","","","","","","","","","","","","","","","","","",
"East Asia & Pacific (all income levels)","EAS","GINI index (World Bank estimate)","SI.POV.GINI","","","","","","","","","","","","","","","","","","","","","","","","","","","","","","","","","","","","","","","","","","","","","","","","","","","","","","","",
"Europe & Central Asia (developing only)","ECA","GINI index (World Bank estimate)","SI.POV.GINI","","","","","","","","","","","","","","","","","","","","","","","","","","","","","","","","","","","","","","","","","","","","","","","","","","","","","","","",
"Europe & Central Asia (all income levels)","ECS","GINI index (World Bank estimate)","SI.POV.GINI","","","","","","","","","","","","","","","","","","","","","","","","","","","","","","","","","","","","","","","","","","","","","","","","","","","","","","","",
"Ecuador","ECU","GINI index (World Bank estimate)","SI.POV.GINI","","","","","","","","","","","","","","","","","","","","","","","","","","","","50.49","","","","","","","54.32","50.97","","","49.66","58.6","56.38","","","54.99","54.12","54.12","53.2","54.33","50.61","49.28","49.26","46.21","46.57","","",
"Egypt, Arab Rep.","EGY","GINI index (World Bank estimate)","SI.POV.GINI","","","","","","","","","","","","","","","","","","","","","","","","","","","","","","","32","","","","","","30.13","","","","32.76","","","","32.14","","","","30.75","","","","","","",
"Euro area","EMU","GINI index (World Bank estimate)","SI.POV.GINI","","","","","","","","","","","","","","","","","","","","","","","","","","","","","","","","","","","","","","","","","","","","","","","","","","","","","","","",
"Eritrea","ERI","GINI index (World Bank estimate)","SI.POV.GINI","","","","","","","","","","","","","","","","","","","","","","","","","","","","","","","","","","","","","","","","","","","","","","","","","","","","","","","",
"Spain","ESP","GINI index (World Bank estimate)","SI.POV.GINI","","","","","","","","","","","","","","","","","","","","","","","","","","","","","","","32.33","","","","","37.11","","","","","34.35","","","","33.73","","","32.65","","","35.75","","","","",
"Estonia","EST","GINI index (World Bank estimate)","SI.POV.GINI","","","","","","","","","","","","","","","","","","","","","","","","","","","","","22.97","","","","","39.5","","30.06","","","37.64","","35.78","36.01","35.79","34.91","","33.63","33.76","31.25","32","31.59","32.16","32.69","","","",
"Ethiopia","ETH","GINI index (World Bank estimate)","SI.POV.GINI","","","","","","","","","","","","","","","","","","","","","","","","","","","","","","","","","","","","39.96","","","","30","","","","","","29.83","","","","","33.6","","","","",
"European Union","EUU","GINI index (World Bank estimate)","SI.POV.GINI","","","","","","","","","","","","","","","","","","","","","","","","","","","","","","","","","","","","","","","","","","","","","","","","","","","","","","","",
"Fragile and conflict affected situations","FCS","GINI index (World Bank estimate)","SI.POV.GINI","","","","","","","","","","","","","","","","","","","","","","","","","","","","","","","","","","","","","","","","","","","","","","","","","","","","","","","",
"Finland","FIN","GINI index (World Bank estimate)","SI.POV.GINI","","","","","","","","","","","","","","","","","","","","","","","","","","","","22.19","","","","22.94","","","","23.47","","","","","27.16","","","","28.27","","","28.2","","","27.79","","","","",
"Fiji","FJI","GINI index (World Bank estimate)","SI.POV.GINI","","","","","","","","","","","","","","","","","","","","","","","","","","","","","","","","","","","","","","","","","","","46.81","","","","","","42.83","","","","","","",
"France","FRA","GINI index (World Bank estimate)","SI.POV.GINI","","","","","","","","","","","","","","","","","","","","","","","","","","","","","","33","","","","","32.4","","","","","","31.24","","","","","31.69","","","","","","","","","",
"Faeroe Islands","FRO","GINI index (World Bank estimate)","SI.POV.GINI","","","","","","","","","","","","","","","","","","","","","","","","","","","","","","","","","","","","","","","","","","","","","","","","","","","","","","","",
"Micronesia, Fed. Sts.","FSM","GINI index (World Bank estimate)","SI.POV.GINI","","","","","","","","","","","","","","","","","","","","","","","","","","","","","","","","","","","","","","","","","61.1","","","","","","","","","","","","","","",
"Gabon","GAB","GINI index (World Bank estimate)","SI.POV.GINI","","","","","","","","","","","","","","","","","","","","","","","","","","","","","","","","","","","","","","","","","","","","","","42.19","","","","","","","","","",
"United Kingdom","GBR","GINI index (World Bank estimate)","SI.POV.GINI","","","","","","","","","","","","","","","","","","","","","","","","","","","","","","","","36.21","","","36.68","36.83","","","","37.96","","","","","37.63","","","38.07","","","38.04","","","","",
"Georgia","GEO","GINI index (World Bank estimate)","SI.POV.GINI","","","","","","","","","","","","","","","","","","","","","","","","","","","","","","","","","","","","","37.13","41.88","41.26","40.12","40.48","39.57","39.63","39.53","39.78","40.34","40.09","40.6","40.57","41.74","42.13","41.58","41.35","","",
"Ghana","GHA","GINI index (World Bank estimate)","SI.POV.GINI","","","","","","","","","","","","","","","","","","","","","","","","","","","","35.35","35.99","","","38.13","","","","","","","40.75","","","","","","","42.76","","","","","","","","","",
"Guinea","GIN","GINI index (World Bank estimate)","SI.POV.GINI","","","","","","","","","","","","","","","","","","","","","","","","","","","","","","","","46.84","","","44.87","","","","","","","","","40.3","","","","39.35","","","","","33.68","","",
"Gambia, The","GMB","GINI index (World Bank estimate)","SI.POV.GINI","","","","","","","","","","","","","","","","","","","","","","","","","","","","","","","","","","","","","","","50.23","","","","","47.28","","","","","","","","","","","",
"Guinea-Bissau","GNB","GINI index (World Bank estimate)","SI.POV.GINI","","","","","","","","","","","","","","","","","","","","","","","","","","","","","","","","","","47.84","","","","","","","","","35.52","","","","","","","","","","","","",
"Equatorial Guinea","GNQ","GINI index (World Bank estimate)","SI.POV.GINI","","","","","","","","","","","","","","","","","","","","","","","","","","","","","","","","","","","","","","","","","","","","","","","","","","","","","","","",
"Greece","GRC","GINI index (World Bank estimate)","SI.POV.GINI","","","","","","","","","","","","","","","","","","","","","","","","","","","","","","","","","","","","37.21","","","","","34.36","","","","33.72","","","33.96","","","34.74","","","","",
"Grenada","GRD","GINI index (World Bank estimate)","SI.POV.GINI","","","","","","","","","","","","","","","","","","","","","","","","","","","","","","","","","","","","","","","","","","","","","","","","","","","","","","","",
"Greenland","GRL","GINI index (World Bank estimate)","SI.POV.GINI","","","","","","","","","","","","","","","","","","","","","","","","","","","","","","","","","","","","","","","","","","","","","","","","","","","","","","","",
"Guatemala","GTM","GINI index (World Bank estimate)","SI.POV.GINI","","","","","","","","","","","","","","","","","","","","","","","","","","","","58.26","","59.6","","","","","","","","","55.8","","54.84","","56.94","54.1","50.73","","54.89","","","","","52.35","","","",
"Guam","GUM","GINI index (World Bank estimate)","SI.POV.GINI","","","","","","","","","","","","","","","","","","","","","","","","","","","","","","","","","","","","","","","","","","","","","","","","","","","","","","","",
"Guyana","GUY","GINI index (World Bank estimate)","SI.POV.GINI","","","","","","","","","","","","","","","","","","","","","","","","","","","","","","","","","51.55","","","","","","44.54","","","","","","","","","","","","","","","","",
"High income","HIC","GINI index (World Bank estimate)","SI.POV.GINI","","","","","","","","","","","","","","","","","","","","","","","","","","","","","","","","","","","","","","","","","","","","","","","","","","","","","","","",
"Hong Kong SAR, China","HKG","GINI index (World Bank estimate)","SI.POV.GINI","","","","","","","","","","","","","","","","","","","","","","","","","","","","","","","","","","","","","","","","","","","","","","","","","","","","","","","",
"Honduras","HND","GINI index (World Bank estimate)","SI.POV.GINI","","","","","","","","","","","","","","","","","","","","","","","","","","","55.09","","","59.49","57.36","51.85","51.83","53.47","55.01","55.49","55.72","52.73","57.43","55.35","","54.08","58.78","58.66","58.41","59.51","57.42","56.16","55.74","51.56","53.39","57.4","","","",
"Heavily indebted poor countries (HIPC)","HPC","GINI index (World Bank estimate)","SI.POV.GINI","","","","","","","","","","","","","","","","","","","","","","","","","","","","","","","","","","","","","","","","","","","","","","","","","","","","","","","",
"Croatia","HRV","GINI index (World Bank estimate)","SI.POV.GINI","","","","","","","","","","","","","","","","","","","","","","","","","","","","","22.78","","","","","","","","","","28.45","27.71","31.33","31.1","","","28.83","","","","33.61","","","","","","",
"Haiti","HTI","GINI index (World Bank estimate)","SI.POV.GINI","","","","","","","","","","","","","","","","","","","","","","","","","","","","","","","","","","","","","","","","","","59.21","","","","","","","","","","","","","",
"Hungary","HUN","GINI index (World Bank estimate)","SI.POV.GINI","","","","","","","","","","","","","","","","","","","","","","","","","","","","20.96","","25.05","","","","27.94","","","","","26.38","27.8","27.23","26.92","26.84","30.93","","30.19","28.3","","27.53","","29.37","28.94","","","",
"Indonesia","IDN","GINI index (World Bank estimate)","SI.POV.GINI","","","","","","","","","","","","","","","","","","","","","","","","","","","","29.27","","","29.19","","","29.31","","","31.33","","","28.99","","","29.74","","","34.01","","","34.11","","35.57","38.1406894995898","","","",
"Isle of Man","IMN","GINI index (World Bank estimate)","SI.POV.GINI","","","","","","","","","","","","","","","","","","","","","","","","","","","","","","","","","","","","","","","","","","","","","","","","","","","","","","","",
"India","IND","GINI index (World Bank estimate)","SI.POV.GINI","","","","","","","","","","","","","","","","","","","","","","","","","","","","31.88","","","","","","30.82","","","","","","","","","","","33.38","","","","","33.9","","33.6016803694848","","","",
"Not classified","INX","GINI index (World Bank estimate)","SI.POV.GINI","","","","","","","","","","","","","","","","","","","","","","","","","","","","","","","","","","","","","","","","","","","","","","","","","","","","","","","",
"Ireland","IRL","GINI index (World Bank estimate)","SI.POV.GINI","","","","","","","","","","","","","","","","","","","","","","","","","","","","36.49","","","","","","","36.92","37.04","35.62","","","","33.22","","","","33.79","","","31.73","","","32.06","","","","",
"Iran, Islamic Rep.","IRN","GINI index (World Bank estimate)","SI.POV.GINI","","","","","","","","","","","","","","","","","","","","","","","","","","","47.42","","","","43.6","","","","43","","","","44.1","","","","","","","38.28","","","","","","","","","",
"Iraq","IRQ","GINI index (World Bank estimate)","SI.POV.GINI","","","","","","","","","","","","","","","","","","","","","","","","","","","","","","","","","","","","","","","","","","","","","","","","28.6","","","","","29.54","","",
"Iceland","ISL","GINI index (World Bank estimate)","SI.POV.GINI","","","","","","","","","","","","","","","","","","","","","","","","","","","","","","","","","","","","","","","","","","","","","27.81","","","29.32","","","26.3","","","","",
"Israel","ISR","GINI index (World Bank estimate)","SI.POV.GINI","","","","","","","","","","","","","","","","","","","","","","","","","","","36.49","","","","","","35.5","","","","","38.1","","","","39.2","","","","41.86","","41.18","","","42.78","","","","",
"Italy","ITA","GINI index (World Bank estimate)","SI.POV.GINI","","","","","","","","","","","","","","","","","","","","","","","","","","","32.52","34.55","","32.68","","31.47","","35.54","","35.83","","","37.6","","35.99","","","","37.27","","","","35.45","","35.52","","","","",
"Jamaica","JAM","GINI index (World Bank estimate)","SI.POV.GINI","","","","","","","","","","","","","","","","","","","","","","","","","","","","","43.16","","42.2","","","35.67","","","40.47","","","44.22","","69.17","48.34","","45.51","","","","","","","","","","",
"Jordan","JOR","GINI index (World Bank estimate)","SI.POV.GINI","","","","","","","","","","","","","","","","","","","","","","","","","","","36.06","","","","","","43.36","","","","","36.42","","","","","38.87","","","","33.89","","32.63","","33.69","","","","",
"Japan","JPN","GINI index (World Bank estimate)","SI.POV.GINI","","","","","","","","","","","","","","","","","","","","","","","","","","","","","","","","","","","","","","","","","","","","","","","","","32.11","","","","","","",
"Kazakhstan","KAZ","GINI index (World Bank estimate)","SI.POV.GINI","","","","","","","","","","","","","","","","","","","","","","","","","","","","","25.74","","","","","32.67","","","35.32","","","","","33.67","32.75","31.63","30.25","26.83","29.98","29.59","29.07","","28.56","","","","",
"Kenya","KEN","GINI index (World Bank estimate)","SI.POV.GINI","","","","","","","","","","","","","","","","","","","","","","","","","","","","","","","","","57.46","","42.07","","","46.39","","","","","","","","47.68","","","","","","","","","",
"Kyrgyz Republic","KGZ","GINI index (World Bank estimate)","SI.POV.GINI","","","","","","","","","","","","","","","","","","","","","","","","","","","","","26.01","","","","","53.7","","","","","35.98","","30.84","30.01","30.05","28.72","34.77","38.32","38.4","33.43","36.46","35.79","35.41","33.39","","","",
"Cambodia","KHM","GINI index (World Bank estimate)","SI.POV.GINI","","","","","","","","","","","","","","","","","","","","","","","","","","","","","","","","","","","38.28","","","","","","","","","","35.53","","","41.25","35.15","34.67","33.55","31.82","","","",
"Kiribati","KIR","GINI index (World Bank estimate)","SI.POV.GINI","","","","","","","","","","","","","","","","","","","","","","","","","","","","","","","","","","","","","","","","","","","","","","","","","","","","","","","",
"St. Kitts and Nevis","KNA","GINI index (World Bank estimate)","SI.POV.GINI","","","","","","","","","","","","","","","","","","","","","","","","","","","","","","","","","","","","","","","","","","","","","","","","","","","","","","","",
"Korea, Rep.","KOR","GINI index (World Bank estimate)","SI.POV.GINI","","","","","","","","","","","","","","","","","","","","","","","","","","","","","","","","","","","","","","","","","","","","","","","","","","","","","","","",
"Kosovo","","GINI index (World Bank estimate)","SI.POV.GINI","","","","","","","","","","","","","","","","","","","","","","","","","","","","","","","","","","","","","","","","","","","","","","","","","","","","","","","",
"Kuwait","KWT","GINI index (World Bank estimate)","SI.POV.GINI","","","","","","","","","","","","","","","","","","","","","","","","","","","","","","","","","","","","","","","","","","","","","","","","","","","","","","","",
"Latin America & Caribbean (developing only)","LAC","GINI index (World Bank estimate)","SI.POV.GINI","","","","","","","","","","","","","","","","","","","","","","","","","","","","","","","","","","","","","","","","","","","","","","","","","","","","","","","",
"Lao PDR","LAO","GINI index (World Bank estimate)","SI.POV.GINI","","","","","","","","","","","","","","","","","","","","","","","","","","","","","","","","","30.43","","","","","34.91","","","","","32.47","","","","","35.46","","","","","36.22","","",
"Lebanon","LBN","GINI index (World Bank estimate)","SI.POV.GINI","","","","","","","","","","","","","","","","","","","","","","","","","","","","","","","","","","","","","","","","","","","","","","","","","","","","","","","",
"Liberia","LBR","GINI index (World Bank estimate)","SI.POV.GINI","","","","","","","","","","","","","","","","","","","","","","","","","","","","","","","","","","","","","","","","","","","","","","","","38.16","","","","","","","",
"Libya","LBY","GINI index (World Bank estimate)","SI.POV.GINI","","","","","","","","","","","","","","","","","","","","","","","","","","","","","","","","","","","","","","","","","","","","","","","","","","","","","","","",
"St. Lucia","LCA","GINI index (World Bank estimate)","SI.POV.GINI","","","","","","","","","","","","","","","","","","","","","","","","","","","","","","","","","","","","42.58","","","","","","","","","","","","","","","","","","","",
"Latin America & Caribbean (all income levels)","LCN","GINI index (World Bank estimate)","SI.POV.GINI","","","","","","","","","","","","","","","","","","","","","","","","","","","","","","","","","","","","","","","","","","","","","","","","","","","","","","","",
"Least developed countries: UN classification","LDC","GINI index (World Bank estimate)","SI.POV.GINI","","","","","","","","","","","","","","","","","","","","","","","","","","","","","","","","","","","","","","","","","","","","","","","","","","","","","","","",
"Low income","LIC","GINI index (World Bank estimate)","SI.POV.GINI","","","","","","","","","","","","","","","","","","","","","","","","","","","","","","","","","","","","","","","","","","","","","","","","","","","","","","","",
"Liechtenstein","LIE","GINI index (World Bank estimate)","SI.POV.GINI","","","","","","","","","","","","","","","","","","","","","","","","","","","","","","","","","","","","","","","","","","","","","","","","","","","","","","","",
"Sri Lanka","LKA","GINI index (World Bank estimate)","SI.POV.GINI","","","","","","","","","","","","","","","","","","","","","","","","","","32.47","","","","","32.48","","","","","35.41","","","","","","","41.06","","","","40.26","","","36.4","","","","","",
"Lower middle income","LMC","GINI index (World Bank estimate)","SI.POV.GINI","","","","","","","","","","","","","","","","","","","","","","","","","","","","","","","","","","","","","","","","","","","","","","","","","","","","","","","",
"Low & middle income","LMY","GINI index (World Bank estimate)","SI.POV.GINI","","","","","","","","","","","","","","","","","","","","","","","","","","","","","","","","","","","","","","","","","","","","","","","","","","","","","","","",
"Lesotho","LSO","GINI index (World Bank estimate)","SI.POV.GINI","","","","","","","","","","","","","","","","","","","","","","","","","","","56.02","","","","","","","57.94","63.16","","","","","","","","51.54","","","","","","","","54.17","","","","",
"Lithuania","LTU","GINI index (World Bank estimate)","SI.POV.GINI","","","","","","","","","","","","","","","","","","","","","","","","","","","","","22.48","","","","","33.64","","","32.26","","32.1","","31.67","32.01","31.92","35.46","35.2","35.3","34.44","","37.06","","33.76","32.63","","","",
"Luxembourg","LUX","GINI index (World Bank estimate)","SI.POV.GINI","","","","","","","","","","","","","","","","","","","","","","","","","","","","","","","","","","","","","","","","","","","","","","","","","","","","","","","",
"Latvia","LVA","GINI index (World Bank estimate)","SI.POV.GINI","","","","","","","","","","","","","","","","","","","","","","","","","","","","","22.49","","","","","26.99","","30.98","31.65","31.72","33.52","","","","35.09","","34.96","","35.6","","35.82","","35.27","36.03","","","",
"Macao SAR, China","MAC","GINI index (World Bank estimate)","SI.POV.GINI","","","","","","","","","","","","","","","","","","","","","","","","","","","","","","","","","","","","","","","","","","","","","","","","","","","","","","","",
"St. Martin (French part)","MAF","GINI index (World Bank estimate)","SI.POV.GINI","","","","","","","","","","","","","","","","","","","","","","","","","","","","","","","","","","","","","","","","","","","","","","","","","","","","","","","",
"Morocco","MAR","GINI index (World Bank estimate)","SI.POV.GINI","","","","","","","","","","","","","","","","","","","","","","","","","","","","","","","39.2","","","","","","","","39.46","","","40.63","","","","","","40.88","","","","","","","",
"Monaco","MCO","GINI index (World Bank estimate)","SI.POV.GINI","","","","","","","","","","","","","","","","","","","","","","","","","","","","","","","","","","","","","","","","","","","","","","","","","","","","","","","",
"Moldova","MDA","GINI index (World Bank estimate)","SI.POV.GINI","","","","","","","","","","","","","","","","","","","","","","","","","","","","","24.14","","","","34.32","","","","","36.9","39.02","42.16","","37.92","35.59","34.69","34.74","36.28","35.4","34.42","34.69","32.91","32.05","30.63","","","",
"Madagascar","MDG","GINI index (World Bank estimate)","SI.POV.GINI","","","","","","","","","","","","","","","","","","","","","","","","","","","","","","","","","","46.12","","","","39.16","","41.81","","47.47","","","","38.88","","","","","40.63","","","","",
"Maldives","MDV","GINI index (World Bank estimate)","SI.POV.GINI","","","","","","","","","","","","","","","","","","","","","","","","","","","","","","","","","","","","","","","62.69","","","","","","37.37","","","","","","","","","","",
"Middle East & North Africa (all income levels)","MEA","GINI index (World Bank estimate)","SI.POV.GINI","","","","","","","","","","","","","","","","","","","","","","","","","","","","","","","","","","","","","","","","","","","","","","","","","","","","","","","",
"Mexico","MEX","GINI index (World Bank estimate)","SI.POV.GINI","","","","","","","","","","","","","","","","","","","","","","","","","","","","","","51.99","","","51.06","","51.89","","48.54","","48.99","","51.87","","49.68","","46.05","51.11","48.11","","48.28","","47.16","","48.07","","",
"Marshall Islands","MHL","GINI index (World Bank estimate)","SI.POV.GINI","","","","","","","","","","","","","","","","","","","","","","","","","","","","","","","","","","","","","","","","","","","","","","","","","","","","","","","",
"Middle income","MIC","GINI index (World Bank estimate)","SI.POV.GINI","","","","","","","","","","","","","","","","","","","","","","","","","","","","","","","","","","","","","","","","","","","","","","","","","","","","","","","",
"Macedonia, FYR","MKD","GINI index (World Bank estimate)","SI.POV.GINI","","","","","","","","","","","","","","","","","","","","","","","","","","","","","","","","","","","","","","","28.13","","34.44","","38.75","38.95","38.85","39.13","42.78","","44.2","","","","","","",
"Mali","MLI","GINI index (World Bank estimate)","SI.POV.GINI","","","","","","","","","","","","","","","","","","","","","","","","","","","","","","","","","","","50.5","","","","","","","40.01","","","","","38.99","","","","33.02","","","","",
"Malta","MLT","GINI index (World Bank estimate)","SI.POV.GINI","","","","","","","","","","","","","","","","","","","","","","","","","","","","","","","","","","","","","","","","","","","","","","","","","","","","","","","",
"Myanmar","MMR","GINI index (World Bank estimate)","SI.POV.GINI","","","","","","","","","","","","","","","","","","","","","","","","","","","","","","","","","","","","","","","","","","","","","","","","","","","","","","","",
"Middle East & North Africa (developing only)","MNA","GINI index (World Bank estimate)","SI.POV.GINI","","","","","","","","","","","","","","","","","","","","","","","","","","","","","","","","","","","","","","","","","","","","","","","","","","","","","","","",
"Montenegro","MNE","GINI index (World Bank estimate)","SI.POV.GINI","","","","","","","","","","","","","","","","","","","","","","","","","","","","","","","","","","","","","","","","","","","","","","30.14","29.39","30.82","30.01","30.27","28.6","30.63","","","",
"Mongolia","MNG","GINI index (World Bank estimate)","SI.POV.GINI","","","","","","","","","","","","","","","","","","","","","","","","","","","","","","","","","","","","33.2","","","30.27","","","","32.84","","","","","36.52","","","","","","","",
"Northern Mariana Islands","MNP","GINI index (World Bank estimate)","SI.POV.GINI","","","","","","","","","","","","","","","","","","","","","","","","","","","","","","","","","","","","","","","","","","","","","","","","","","","","","","","",
"Mozambique","MOZ","GINI index (World Bank estimate)","SI.POV.GINI","","","","","","","","","","","","","","","","","","","","","","","","","","","","","","","","","","","","","44.49","","","","","","47.11","","","","","","","45.66","","","","","",
"Mauritania","MRT","GINI index (World Bank estimate)","SI.POV.GINI","","","","","","","","","","","","","","","","","","","","","","","","","","","","43.94","","","","","","50.05","","37.29","","","","","39.04","","","","41.26","","","","40.46","","","","","","",
"Mauritius","MUS","GINI index (World Bank estimate)","SI.POV.GINI","","","","","","","","","","","","","","","","","","","","","","","","","","","","","","","","","","","","","","","","","","","","","","","35.68","","","","","","35.9","","",
"Malawi","MWI","GINI index (World Bank estimate)","SI.POV.GINI","","","","","","","","","","","","","","","","","","","","","","","","","","","","","","","","","","","","","","50.29","","","","","","","39.91","","","","","","46.18","","","","",
"Malaysia","MYS","GINI index (World Bank estimate)","SI.POV.GINI","","","","","","","","","","","","","","","","","","","","","","","","","","","","47.04","","46.17","","","47.65","","","48.52","","49.15","","","","","","","37.91","","","46","","46.21","","","","","",
"North America","NAC","GINI index (World Bank estimate)","SI.POV.GINI","","","","","","","","","","","","","","","","","","","","","","","","","","","","","","","","","","","","","","","","","","","","","","","","","","","","","","","",
"Namibia","NAM","GINI index (World Bank estimate)","SI.POV.GINI","","","","","","","","","","","","","","","","","","","","","","","","","","","","","","","","","","74.33","","","","","","","","","","","63.9","","","","","61.32","","","","","",
"New Caledonia","NCL","GINI index (World Bank estimate)","SI.POV.GINI","","","","","","","","","","","","","","","","","","","","","","","","","","","","","","","","","","","","","","","","","","","","","","","","","","","","","","","",
"Niger","NER","GINI index (World Bank estimate)","SI.POV.GINI","","","","","","","","","","","","","","","","","","","","","","","","","","","","","","","","","36.1","","41.53","","","","","","","","","","","46.26","","34.55","","","","31.16","","","",
"Nigeria","NGA","GINI index (World Bank estimate)","SI.POV.GINI","","","","","","","","","","","","","","","","","","","","","","","","","","38.68","","","","","","","44.95","","","","46.5","","","","","","","","40","","","","","","42.95","","","","",
"Nicaragua","NIC","GINI index (World Bank estimate)","SI.POV.GINI","","","","","","","","","","","","","","","","","","","","","","","","","","","","","","","","","","57.36","","","","","45.24","","","43.06","","","","40.47","","","","45.73","","","","","",
"Netherlands","NLD","GINI index (World Bank estimate)","SI.POV.GINI","","","","","","","","","","","","","","","","","","","","","","","","","","","","27.57","","","31.88","","","32.22","","","","","","28.13","","","","","31.14","","","30.31","","","28.87","","","","",
"High income: nonOECD","NOC","GINI index (World Bank estimate)","SI.POV.GINI","","","","","","","","","","","","","","","","","","","","","","","","","","","","","","","","","","","","","","","","","","","","","","","","","","","","","","","",
"Norway","NOR","GINI index (World Bank estimate)","SI.POV.GINI","","","","","","","","","","","","","","","","","","","","","","","","","","","24.67","","","","","25.23","","","","27.64","","","","","27.57","","","","30.17","","","26.48","","","26.83","","","","",
"Nepal","NPL","GINI index (World Bank estimate)","SI.POV.GINI","","","","","","","","","","","","","","","","","","","","","","","","","","","","","","","","","","","","35.23","","","","","","","","43.83","","","","","","","32.82","","","","",
"New Zealand","NZL","GINI index (World Bank estimate)","SI.POV.GINI","","","","","","","","","","","","","","","","","","","","","","","","","","","","","","","","","","","","","","","","","","","","","","","","","","","","","","","",
"High income: OECD","OEC","GINI index (World Bank estimate)","SI.POV.GINI","","","","","","","","","","","","","","","","","","","","","","","","","","","","","","","","","","","","","","","","","","","","","","","","","","","","","","","",
"OECD members","OED","GINI index (World Bank estimate)","SI.POV.GINI","","","","","","","","","","","","","","","","","","","","","","","","","","","","","","","","","","","","","","","","","","","","","","","","","","","","","","","",
"Oman","OMN","GINI index (World Bank estimate)","SI.POV.GINI","","","","","","","","","","","","","","","","","","","","","","","","","","","","","","","","","","","","","","","","","","","","","","","","","","","","","","","",
"Other small states","OSS","GINI index (World Bank estimate)","SI.POV.GINI","","","","","","","","","","","","","","","","","","","","","","","","","","","","","","","","","","","","","","","","","","","","","","","","","","","","","","","",
"Pakistan","PAK","GINI index (World Bank estimate)","SI.POV.GINI","","","","","","","","","","","","","","","","","","","","","","","","","","","","33.35","","","33.23","","","","","","28.65","","33.02","","","30.39","","","31.18","32.74","","30.02","","","29.63","","","","",
"Panama","PAN","GINI index (World Bank estimate)","SI.POV.GINI","","","","","","","","","","","","","","","","","","","","","","","","","","","","","","58.91","","58.19","","","","57.81","","58.23","57.48","56.46","57.66","","56.59","56.37","55.06","53.99","55.06","52.97","52.63","52.03","51.91","51.83","51.9","","",
"Peru","PER","GINI index (World Bank estimate)","SI.POV.GINI","","","","","","","","","","","","","","","","","","","","","","","","","","45.72","","","","","","","","","44.87","","","34.78","56.22","56.66","50.93","51.87","54.07","53.84","48.69","49.28","49.07","49.62","46.89","46.24","44.92","45.67","45.33","","",
"Philippines","PHL","GINI index (World Bank estimate)","SI.POV.GINI","","","","","","","","","","","","","","","","","","","","","","","","","","41.04","","","40.63","","","43.82","","","42.89","","","46.16","","","46.09","","","44.48","","","44.04","","","42.98","","","43.03","","",
"Palau","PLW","GINI index (World Bank estimate)","SI.POV.GINI","","","","","","","","","","","","","","","","","","","","","","","","","","","","","","","","","","","","","","","","","","","","","","","","","","","","","","","",
"Papua New Guinea","PNG","GINI index (World Bank estimate)","SI.POV.GINI","","","","","","","","","","","","","","","","","","","","","","","","","","","","","","","","","","","","","50.88","","","","","","","","","","","","","","","","","","",
"Poland","POL","GINI index (World Bank estimate)","SI.POV.GINI","","","","","","","","","","","","","","","","","","","","","","","","","","25.16","","25.53","","26.89","","","26.7","","","","32.66","","32.3","32.58","32.97","32.85","34.05","","35.43","34.49","33.71","33.51","33.72","33.58","33.22","32.78","","","",
"Puerto Rico","PRI","GINI index (World Bank estimate)","SI.POV.GINI","","","","","","","","","","","","","","","","","","","","","","","","","","","","","","","","","","","","","","","","","","","","","","","","","","","","","","","",
"Korea, Dem. Rep.","PRK","GINI index (World Bank estimate)","SI.POV.GINI","","","","","","","","","","","","","","","","","","","","","","","","","","","","","","","","","","","","","","","","","","","","","","","","","","","","","","","",
"Portugal","PRT","GINI index (World Bank estimate)","SI.POV.GINI","","","","","","","","","","","","","","","","","","","","","","","","","","","","","","","","","","","","","","","","","","","","","","","","","","","","","","","",
"Paraguay","PRY","GINI index (World Bank estimate)","SI.POV.GINI","","","","","","","","","","","","","","","","","","","","","","","","","","","","","","","40.84","","","","","58.16","","54.89","","54.58","","54.83","57.34","55.55","52.59","51.37","53.63","52.09","51.04","49.67","51.83","52.6","48.01","","",
"Pacific island small states","PSS","GINI index (World Bank estimate)","SI.POV.GINI","","","","","","","","","","","","","","","","","","","","","","","","","","","","","","","","","","","","","","","","","","","","","","","","","","","","","","","",
"French Polynesia","PYF","GINI index (World Bank estimate)","SI.POV.GINI","","","","","","","","","","","","","","","","","","","","","","","","","","","","","","","","","","","","","","","","","","","","","","","","","","","","","","","",
"Qatar","QAT","GINI index (World Bank estimate)","SI.POV.GINI","","","","","","","","","","","","","","","","","","","","","","","","","","","","","","","","","","","","","","","","","","","","","","","","","","","","","","","",
"Romania","ROU","GINI index (World Bank estimate)","SI.POV.GINI","","","","","","","","","","","","","","","","","","","","","","","","","","","","","","23.31","","","25.46","","28.2","","","","29.44","29.42","","29.43","30.23","29.91","30.04","29.82","30.61","30.35","29.53","28.34","28.16","27.21","27.33","","",
"Russian Federation","RUS","GINI index (World Bank estimate)","SI.POV.GINI","","","","","","","","","","","","","","","","","","","","","","","","","","","","","23.8","","","","","48.38","","","46.11","","","37.44","","39.6","37.28","38.28","40.77","38.3","38.69","39.27","34.08","39.69","","","","","",
"Rwanda","RWA","GINI index (World Bank estimate)","SI.POV.GINI","","","","","","","","","","","","","","","","","","","","","","","","","","","","","","","","","","","","","","","","","51.51","","","","","","53.09","","","","","50.82","","","",
"South Asia","SAS","GINI index (World Bank estimate)","SI.POV.GINI","","","","","","","","","","","","","","","","","","","","","","","","","","","","","","","","","","","","","","","","","","","","","","","","","","","","","","","",
"Saudi Arabia","SAU","GINI index (World Bank estimate)","SI.POV.GINI","","","","","","","","","","","","","","","","","","","","","","","","","","","","","","","","","","","","","","","","","","","","","","","","","","","","","","","",
"Sudan","SDN","GINI index (World Bank estimate)","SI.POV.GINI","","","","","","","","","","","","","","","","","","","","","","","","","","","","","","","","","","","","","","","","","","","","","","","","","","35.29","","","","","",
"Senegal","SEN","GINI index (World Bank estimate)","SI.POV.GINI","","","","","","","","","","","","","","","","","","","","","","","","","","","","","","","","54.14","","","41.44","","","","","","","41.25","","","","39.19","","","","","","40.31","","","",
"Singapore","SGP","GINI index (World Bank estimate)","SI.POV.GINI","","","","","","","","","","","","","","","","","","","","","","","","","","","","","","","","","","","","","","","","","","","","","","","","","","","","","","","",
"Solomon Islands","SLB","GINI index (World Bank estimate)","SI.POV.GINI","","","","","","","","","","","","","","","","","","","","","","","","","","","","","","","","","","","","","","","","","","","","","","","","","","","","","","","",
"Sierra Leone","SLE","GINI index (World Bank estimate)","SI.POV.GINI","","","","","","","","","","","","","","","","","","","","","","","","","","","","","","","","","","","","","","","","","","","","39.47","","","","","","","","35.35","","","",
"El Salvador","SLV","GINI index (World Bank estimate)","SI.POV.GINI","","","","","","","","","","","","","","","","","","","","","","","","","","","","","","","","53.96","","","","49.88","51.37","","54.52","52.2","52.85","53.6","52.71","50.72","47.37","47.88","45.45","45.25","46.61","45.92","44.53","42.43","41.8","","",
"San Marino","SMR","GINI index (World Bank estimate)","SI.POV.GINI","","","","","","","","","","","","","","","","","","","","","","","","","","","","","","","","","","","","","","","","","","","","","","","","","","","","","","","",
"Somalia","SOM","GINI index (World Bank estimate)","SI.POV.GINI","","","","","","","","","","","","","","","","","","","","","","","","","","","","","","","","","","","","","","","","","","","","","","","","","","","","","","","",
"Serbia","SRB","GINI index (World Bank estimate)","SI.POV.GINI","","","","","","","","","","","","","","","","","","","","","","","","","","","","","","","","","","","","","","","","","","","32.74","32.83","32.98","33.43","29.67","29.43","28.18","28.67","29.65","","","","",
"Sub-Saharan Africa (developing only)","SSA","GINI index (World Bank estimate)","SI.POV.GINI","","","","","","","","","","","","","","","","","","","","","","","","","","","","","","","","","","","","","","","","","","","","","","","","","","","","","","","",
"South Sudan","SSD","GINI index (World Bank estimate)","SI.POV.GINI","","","","","","","","","","","","","","","","","","","","","","","","","","","","","","","","","","","","","","","","","","","","","","","","","","","","","","","",
"Sub-Saharan Africa (all income levels)","SSF","GINI index (World Bank estimate)","SI.POV.GINI","","","","","","","","","","","","","","","","","","","","","","","","","","","","","","","","","","","","","","","","","","","","","","","","","","","","","","","",
"Small states","SST","GINI index (World Bank estimate)","SI.POV.GINI","","","","","","","","","","","","","","","","","","","","","","","","","","","","","","","","","","","","","","","","","","","","","","","","","","","","","","","",
"Sao Tome and Principe","STP","GINI index (World Bank estimate)","SI.POV.GINI","","","","","","","","","","","","","","","","","","","","","","","","","","","","","","","","","","","","","","","","","50.82","","","","","","","","","","33.87","","","","",
"Suriname","SUR","GINI index (World Bank estimate)","SI.POV.GINI","","","","","","","","","","","","","","","","","","","","","","","","","","","","","","","","","","","","","","","","52.88","","","","","","","","","","","","","","","",
"Slovak Republic","SVK","GINI index (World Bank estimate)","SI.POV.GINI","","","","","","","","","","","","","","","","","","","","","","","","","","","","","19.54","","","","19.49","","","","25.81","","","","","","","","29.08","29.83","27.71","","26.87","26.02","27.31","26.58","","","",
"Slovenia","SVN","GINI index (World Bank estimate)","SI.POV.GINI","","","","","","","","","","","","","","","","","","","","","","","","","","","","23.6","","","","","","29.18","","","","","28.41","","","","29.15","30.82","31.15","24.63","24.48","","23.72","","24.94","24.87","","","",
"Sweden","SWE","GINI index (World Bank estimate)","SI.POV.GINI","","","","","","","","","","","","","","","","","","","","","","","","","","","","23.71","","","","","25.42","","","25.54","","","","","27.48","","","","","26.08","","","","","","","","","",
"Swaziland","SWZ","GINI index (World Bank estimate)","SI.POV.GINI","","","","","","","","","","","","","","","","","","","","","","","","","","","","","","","","","","","60.65","","","","","","53.39","","","","","","","","","51.49","","","","","",
"Sint Maarten (Dutch part)","SXM","GINI index (World Bank estimate)","SI.POV.GINI","","","","","","","","","","","","","","","","","","","","","","","","","","","","","","","","","","","","","","","","","","","","","","","","","","","","","","","",
"Seychelles","SYC","GINI index (World Bank estimate)","SI.POV.GINI","","","","","","","","","","","","","","","","","","","","","","","","","","","","","","","","","","","","","","","","42.73","","","","","","","65.77","","","","","","","","",
"Syrian Arab Republic","SYR","GINI index (World Bank estimate)","SI.POV.GINI","","","","","","","","","","","","","","","","","","","","","","","","","","","","","","","","","","","","","","","","","","","","","35.78","","","","","","","","","","",
"Turks and Caicos Islands","TCA","GINI index (World Bank estimate)","SI.POV.GINI","","","","","","","","","","","","","","","","","","","","","","","","","","","","","","","","","","","","","","","","","","","","","","","","","","","","","","","",
"Chad","TCD","GINI index (World Bank estimate)","SI.POV.GINI","","","","","","","","","","","","","","","","","","","","","","","","","","","","","","","","","","","","","","","","","","","39.78","","","","","","","","","43.3","","","",
"Togo","TGO","GINI index (World Bank estimate)","SI.POV.GINI","","","","","","","","","","","","","","","","","","","","","","","","","","","","","","","","","","","","","","","","","","","","","","","42.23","","","","","45.96","","","",
"Thailand","THA","GINI index (World Bank estimate)","SI.POV.GINI","","","","","","","","","","","","","","","","","","","","","","","","","","","","","43.84","","45.27","","47.86","","43.47","","42.9","","41.46","43.09","42.84","","41.98","","","","42.35","","40.51","","39.37","","","","",
"Tajikistan","TJK","GINI index (World Bank estimate)","SI.POV.GINI","","","","","","","","","","","","","","","","","","","","","","","","","","","","","","","","","","","","","","","","29.52","","","","32.72","33.6","","","32.19","","30.77","","","","","",
"Turkmenistan","TKM","GINI index (World Bank estimate)","SI.POV.GINI","","","","","","","","","","","","","","","","","","","","","","","","","","","","","26.39","","","","","35.38","","","","","40.77","","","","","","","","","","","","","","","","",
"Timor-Leste","TLS","GINI index (World Bank estimate)","SI.POV.GINI","","","","","","","","","","","","","","","","","","","","","","","","","","","","","","","","","","","","","","","","","","","","","","","","30.41","","","","","","","",
"Tonga","TON","GINI index (World Bank estimate)","SI.POV.GINI","","","","","","","","","","","","","","","","","","","","","","","","","","","","","","","","","","","","","","","","","","","","","","","","","","","","","","","",
"Trinidad and Tobago","TTO","GINI index (World Bank estimate)","SI.POV.GINI","","","","","","","","","","","","","","","","","","","","","","","","","","","","","42.6","","","","40.27","","","","","","","","","","","","","","","","","","","","","","",
"Tunisia","TUN","GINI index (World Bank estimate)","SI.POV.GINI","","","","","","","","","","","","","","","","","","","","","","","","","","43.43","","","","","40.24","","","","","41.66","","","","","40.81","","","","","37.73","","","","","35.79","","","","",
"Turkey","TUR","GINI index (World Bank estimate)","SI.POV.GINI","","","","","","","","","","","","","","","","","","","","","","","","","","","","43.57","","","","","","","41.53","","","","","","","","41.4","42.18","41.29","41.73","39.65","38.44","38.28","38.97","38.79","40.04","","","",
"Tuvalu","TUV","GINI index (World Bank estimate)","SI.POV.GINI","","","","","","","","","","","","","","","","","","","","","","","","","","","","","","","","","","","","","","","","","","","","","","","","","","","","","","","",
"Taiwan, China","TWN","GINI index (World Bank estimate)","SI.POV.GINI","","","","","","","","","","","","","","","","","","","","","","","","","","","","","","","","","","","","","","","","","","","","","","","","","","","","","","","",
"Tanzania","TZA","GINI index (World Bank estimate)","SI.POV.GINI","","","","","","","","","","","","","","","","","","","","","","","","","","","","","","","","","33.83","","","","","","","","34.62","","","","","","","37.58","","","","","37.82","","",
"Uganda","UGA","GINI index (World Bank estimate)","SI.POV.GINI","","","","","","","","","","","","","","","","","","","","","","","","","","","","","","44.36","","","42.62","","","","37.13","","","43.07","","","45.77","","","42.62","","","","44.3","","","44.55","","",
"Ukraine","UKR","GINI index (World Bank estimate)","SI.POV.GINI","","","","","","","","","","","","","","","","","","","","","","","","","","","","","23.31","","","","25.71","","","39.29","35.12","","","28.96","","","29.05","28.66","28.93","29.02","29.65","29.56","26.64","26.44","24.82","","","","",
"Upper middle income","UMC","GINI index (World Bank estimate)","SI.POV.GINI","","","","","","","","","","","","","","","","","","","","","","","","","","","","","","","","","","","","","","","","","","","","","","","","","","","","","","","",
"Uruguay","URY","GINI index (World Bank estimate)","SI.POV.GINI","","","","","","","","","","","","","","","","","","","","","","","","","","","","","","42.37","","","40.08","","","42.11","42.66","42.73","43.81","","44.39","46.17","46.66","46.22","47.13","45.87","47.2","47.63","46.27","46.28","45.32","43.43","41.32","","",
"United States","USA","GINI index (World Bank estimate)","SI.POV.GINI","","","","","","","","","","","","","","","","","","","","","","","","","","","36.96","","","","","37.58","","","38.9","","","40.79","","","40.15","","","","40.57","","","41.64","","","41.12","","","","",
"Uzbekistan","UZB","GINI index (World Bank estimate)","SI.POV.GINI","","","","","","","","","","","","","","","","","","","","","","","","","","","","","24.95","","","","","","","","","","45.28","","","","33.11","35.19","","","","","","","","","","","",
"St. Vincent and the Grenadines","VCT","GINI index (World Bank estimate)","SI.POV.GINI","","","","","","","","","","","","","","","","","","","","","","","","","","","","","","","","","","","","","","","","","","","","","","","","","","","","","","","",
"Venezuela, RB","VEN","GINI index (World Bank estimate)","SI.POV.GINI","","","","","","","","","","","","","","","","","","","","","","","","","","","","53.45","","43.84","","","42.1","","","47.21","","","48.06","47.76","","47.23","49.01","48.1","47.5","49.46","44.77","","","","","","","","",
"Virgin Islands (U.S.)","VIR","GINI index (World Bank estimate)","SI.POV.GINI","","","","","","","","","","","","","","","","","","","","","","","","","","","","","","","","","","","","","","","","","","","","","","","","","","","","","","","",
"Vietnam","VNM","GINI index (World Bank estimate)","SI.POV.GINI","","","","","","","","","","","","","","","","","","","","","","","","","","","","","","","","","","35.68","","","","","35.52","","","","37.55","","36.81","","35.75","","35.57","","39.25","","35.62","","",
"Vanuatu","VUT","GINI index (World Bank estimate)","SI.POV.GINI","","","","","","","","","","","","","","","","","","","","","","","","","","","","","","","","","","","","","","","","","","","","","","","","","","","","","","","",
"West Bank and Gaza","PSE","GINI index (World Bank estimate)","SI.POV.GINI","","","","","","","","","","","","","","","","","","","","","","","","","","","","","","","","","","","","","","","","","","","","","33.97","","","38.66","","34.46","","","","","",
"World","WLD","GINI index (World Bank estimate)","SI.POV.GINI","","","","","","","","","","","","","","","","","","","","","","","","","","","","","","","","","","","","","","","","","","","","","","","","","","","","","","","",
"Samoa","WSM","GINI index (World Bank estimate)","SI.POV.GINI","","","","","","","","","","","","","","","","","","","","","","","","","","","","","","","","","","","","","","","","","","","","","","","","","","","","","","","",
"Yemen, Rep.","YEM","GINI index (World Bank estimate)","SI.POV.GINI","","","","","","","","","","","","","","","","","","","","","","","","","","","","","","","","","","","","","","","33.44","","","","","","","35.91","","","","","","","","","",
"South Africa","ZAF","GINI index (World Bank estimate)","SI.POV.GINI","","","","","","","","","","","","","","","","","","","","","","","","","","","","","","","","","","59.33","","56.59","","","","","57.77","","","","","","67.4","","","63.14","","65.02","","","",
"Congo, Dem. Rep.","COD","GINI index (World Bank estimate)","SI.POV.GINI","","","","","","","","","","","","","","","","","","","","","","","","","","","","","","","","","","","","","","","","","","","","","","44.43","","","","","","","","","",
"Zambia","ZMB","GINI index (World Bank estimate)","SI.POV.GINI","","","","","","","","","","","","","","","","","","","","","","","","","","","","","","","","","","52.61","","","49.79","","53.44","","","","","42.08","50.74","","54.63","","","","57.49","","","","",
"Zimbabwe","ZWE","GINI index (World Bank estimate)","SI.POV.GINI","","","","","","","","","","","","","","","","","","","","","","","","","","","","","","","","","","","","","","","","","","","","","","","","","","","","","","","",
